{
  "model_version": "fraudcell-rf-v1",
  "dataset_rows": 1600,
  "train_rows": 1280,
  "test_rows": 320,
  "accuracy": 0.903125,
  "macro_precision": 0.849576,
  "macro_recall": 0.84875,
  "macro_f1": 0.845107,
  "labels": [
    "TEMIZ",
    "CALINTI_KART",
    "HESAP_ELE_GECIRME",
    "PARA_AKLAMA",
    "SUPHELI_DAVRANIS"
  ],
  "confusion_matrix": [
    [
      159,
      0,
      0,
      0,
      1
    ],
    [
      0,
      36,
      1,
      0,
      3
    ],
    [
      0,
      9,
      24,
      1,
      6
    ],
    [
      0,
      0,
      2,
      37,
      1
    ],
    [
      0,
      3,
      4,
      0,
      33
    ]
  ],
  "classification_report": "                   precision    recall  f1-score   support\n\n            TEMIZ       1.00      0.99      1.00       160\n     CALINTI_KART       0.75      0.90      0.82        40\nHESAP_ELE_GECIRME       0.77      0.60      0.68        40\n      PARA_AKLAMA       0.97      0.93      0.95        40\n SUPHELI_DAVRANIS       0.75      0.82      0.79        40\n\n         accuracy                           0.90       320\n        macro avg       0.85      0.85      0.85       320\n     weighted avg       0.91      0.90      0.90       320\n"
}
